Core, 0
Cumulative Cycles, 14719284            
Cumulative Instructions, 20000002            
Cumulative IPC, 1.35876
Periodic Cycles, 7202511             
Periodic Instructions, 9999997             
Periodic IPC, 1.38840

DCACHE_PREF_HIT_count,             0
DCACHE_PREF_HIT_total_count,             0

IFETCH_WB_FIRST_SCHEDULE_count,             0
IFETCH_WB_FIRST_SCHEDULE_pct,         -nan
IFETCH_WB_FIRST_SCHEDULE_total_count,             0
IFETCH_WB_FIRST_SCHEDULE_total_pct,         -nan

PREFETCH_LAST_SCHEDULE_count,             0
PREFETCH_LAST_SCHEDULE_pct,         -nan
PREFETCH_LAST_SCHEDULE_total_count,             0
PREFETCH_LAST_SCHEDULE_total_pct,         -nan

DEMAND_PASS_PREF_SCHEDULE_count,             0
DEMAND_PASS_PREF_SCHEDULE_pct,         -nan
DEMAND_PASS_PREF_SCHEDULE_total_count,             0
DEMAND_PASS_PREF_SCHEDULE_total_pct,         -nan

DEMAND_PASS_LOW_OP_SCHEDULE_count,             0
DEMAND_PASS_LOW_OP_SCHEDULE_pct,         -nan
DEMAND_PASS_LOW_OP_SCHEDULE_total_count,             0
DEMAND_PASS_LOW_OP_SCHEDULE_total_pct,         -nan

DEMAND_LAST_SCHEDULE_count,             0
DEMAND_LAST_SCHEDULE_pct,         -nan
DEMAND_LAST_SCHEDULE_total_count,             0
DEMAND_LAST_SCHEDULE_total_pct,         -nan
DEMAND_LAST_SCHEDULE_sum_count,             0
DEMAND_LAST_SCHEDULE_sum_pct,         -nan
DEMAND_LAST_SCHEDULE_sum_total_count,             0
DEMAND_LAST_SCHEDULE_sum_total_pct,         -nan
DEMAND_LAST_SCHEDULE_mean,         -nan
DEMAND_LAST_SCHEDULE_stddev,         -nan
DEMAND_LAST_SCHEDULE_total_mean,         -nan
DEMAND_LAST_SCHEDULE_total_stddev,         -nan

SEND_MISS_REQ_QUEUE_count,         21139
SEND_MISS_REQ_QUEUE_total_count,         48740

L1_DATA_EVICT_count,         15236
L1_DATA_EVICT_total_count,         16121

STREAM_BUFFER_REQ_count,             0
STREAM_BUFFER_REQ_total_count,             0

PREF_SEND_TO_MEM_REQ_count,             0
PREF_SEND_TO_MEM_REQ_pct,         -nan
PREF_SEND_TO_MEM_REQ_total_count,             0
PREF_SEND_TO_MEM_REQ_total_pct,         -nan

PREF_SEND_TO_MEM_REQ_FAIL_count,             0
PREF_SEND_TO_MEM_REQ_FAIL_pct,         -nan
PREF_SEND_TO_MEM_REQ_FAIL_total_count,             0
PREF_SEND_TO_MEM_REQ_FAIL_total_pct,         -nan
PREF_SEND_TO_MEM_REQ_FAIL_sum_count,             0
PREF_SEND_TO_MEM_REQ_FAIL_sum_pct,         -nan
PREF_SEND_TO_MEM_REQ_FAIL_sum_total_count,             0
PREF_SEND_TO_MEM_REQ_FAIL_sum_total_pct,         -nan
PREF_SEND_TO_MEM_REQ_FAIL_mean,         -nan
PREF_SEND_TO_MEM_REQ_FAIL_stddev,         -nan
PREF_SEND_TO_MEM_REQ_FAIL_total_mean,         -nan
PREF_SEND_TO_MEM_REQ_FAIL_total_stddev,         -nan

HIT_TRAIN_STREAM_count,           859
HIT_TRAIN_STREAM_pct,        4.078
HIT_TRAIN_STREAM_total_count,          1863
HIT_TRAIN_STREAM_total_pct,        3.925

MISS_TRAIN_STREAM_count,         20207
MISS_TRAIN_STREAM_pct,       95.922
MISS_TRAIN_STREAM_total_count,         45605
MISS_TRAIN_STREAM_total_pct,       96.075
MISS_TRAIN_STREAM_sum_count,         21066
MISS_TRAIN_STREAM_sum_pct,      100.000
MISS_TRAIN_STREAM_sum_total_count,         47468
MISS_TRAIN_STREAM_sum_total_pct,      100.000
MISS_TRAIN_STREAM_mean,         0.96
MISS_TRAIN_STREAM_stddev,         0.94
MISS_TRAIN_STREAM_total_mean,         0.96
MISS_TRAIN_STREAM_total_stddev,         0.94

STREAM_TRAIN_CREATE_count,         16942
STREAM_TRAIN_CREATE_total_count,         38536

MEM_REQ_MISS_HWP_PREF_Q_count,             0
MEM_REQ_MISS_HWP_PREF_Q_pct,         -nan
MEM_REQ_MISS_HWP_PREF_Q_total_count,             0
MEM_REQ_MISS_HWP_PREF_Q_total_pct,         -nan

MEM_REQ_MISS_SW_PREF_Q_count,             0
MEM_REQ_MISS_SW_PREF_Q_pct,         -nan
MEM_REQ_MISS_SW_PREF_Q_total_count,             0
MEM_REQ_MISS_SW_PREF_Q_total_pct,         -nan

MEM_REQ_MISS_IFETCH_Q_count,             0
MEM_REQ_MISS_IFETCH_Q_pct,         -nan
MEM_REQ_MISS_IFETCH_Q_total_count,             0
MEM_REQ_MISS_IFETCH_Q_total_pct,         -nan

MEM_REQ_MISS_DFETCH_Q_count,             0
MEM_REQ_MISS_DFETCH_Q_pct,         -nan
MEM_REQ_MISS_DFETCH_Q_total_count,             0
MEM_REQ_MISS_DFETCH_Q_total_pct,         -nan

MEM_REQ_MISS_DSTORE_Q_count,             0
MEM_REQ_MISS_DSTORE_Q_pct,         -nan
MEM_REQ_MISS_DSTORE_Q_total_count,             0
MEM_REQ_MISS_DSTORE_Q_total_pct,         -nan

MEM_REQ_MISS_DPRF_Q_count,             0
MEM_REQ_MISS_DPRF_Q_pct,         -nan
MEM_REQ_MISS_DPRF_Q_total_count,             0
MEM_REQ_MISS_DPRF_Q_total_pct,         -nan

MEM_REQ_MISS_WB_Q_count,             0
MEM_REQ_MISS_WB_Q_pct,         -nan
MEM_REQ_MISS_WB_Q_total_count,             0
MEM_REQ_MISS_WB_Q_total_pct,         -nan
MEM_REQ_MISS_WB_Q_sum_count,             0
MEM_REQ_MISS_WB_Q_sum_pct,         -nan
MEM_REQ_MISS_WB_Q_sum_total_count,             0
MEM_REQ_MISS_WB_Q_sum_total_pct,         -nan
MEM_REQ_MISS_WB_Q_mean,         -nan
MEM_REQ_MISS_WB_Q_stddev,         -nan
MEM_REQ_MISS_WB_Q_total_mean,         -nan
MEM_REQ_MISS_WB_Q_total_stddev,         -nan

PREF_HIT_BY_DEMAND_IFETCH_count,             0
PREF_HIT_BY_DEMAND_IFETCH_pct,         -nan
PREF_HIT_BY_DEMAND_IFETCH_total_count,             0
PREF_HIT_BY_DEMAND_IFETCH_total_pct,         -nan

PREF_HIT_BY_DEMAND_DFETCH_count,             0
PREF_HIT_BY_DEMAND_DFETCH_pct,         -nan
PREF_HIT_BY_DEMAND_DFETCH_total_count,             0
PREF_HIT_BY_DEMAND_DFETCH_total_pct,         -nan

PREF_HIT_BY_DEMAND_DSTORE_count,             0
PREF_HIT_BY_DEMAND_DSTORE_pct,         -nan
PREF_HIT_BY_DEMAND_DSTORE_total_count,             0
PREF_HIT_BY_DEMAND_DSTORE_total_pct,         -nan

PREF_HIT_BY_DEMAND_IPREF_count,             0
PREF_HIT_BY_DEMAND_IPREF_pct,         -nan
PREF_HIT_BY_DEMAND_IPREF_total_count,             0
PREF_HIT_BY_DEMAND_IPREF_total_pct,         -nan

PREF_HIT_BY_DEMAND_DPRF_count,             0
PREF_HIT_BY_DEMAND_DPRF_pct,         -nan
PREF_HIT_BY_DEMAND_DPRF_total_count,             0
PREF_HIT_BY_DEMAND_DPRF_total_pct,         -nan

PREF_HIT_BY_DEMAND_WB_count,             0
PREF_HIT_BY_DEMAND_WB_pct,         -nan
PREF_HIT_BY_DEMAND_WB_total_count,             0
PREF_HIT_BY_DEMAND_WB_total_pct,         -nan

PREF_HIT_BY_PREF_count,             0
PREF_HIT_BY_PREF_pct,         -nan
PREF_HIT_BY_PREF_total_count,             0
PREF_HIT_BY_PREF_total_pct,         -nan
PREF_HIT_BY_PREF_sum_count,             0
PREF_HIT_BY_PREF_sum_pct,         -nan
PREF_HIT_BY_PREF_sum_total_count,             0
PREF_HIT_BY_PREF_sum_total_pct,         -nan
PREF_HIT_BY_PREF_mean,         -nan
PREF_HIT_BY_PREF_stddev,         -nan
PREF_HIT_BY_PREF_total_mean,         -nan
PREF_HIT_BY_PREF_total_stddev,         -nan

PREF_HIT_DEMAND_IFETCH_count,             0
PREF_HIT_DEMAND_IFETCH_pct,         -nan
PREF_HIT_DEMAND_IFETCH_total_count,             0
PREF_HIT_DEMAND_IFETCH_total_pct,         -nan

PREF_HIT_DEMAND_DFETCH_count,             0
PREF_HIT_DEMAND_DFETCH_pct,         -nan
PREF_HIT_DEMAND_DFETCH_total_count,             0
PREF_HIT_DEMAND_DFETCH_total_pct,         -nan

PREF_HIT_DEMAND_DSTORE_count,             0
PREF_HIT_DEMAND_DSTORE_pct,         -nan
PREF_HIT_DEMAND_DSTORE_total_count,             0
PREF_HIT_DEMAND_DSTORE_total_pct,         -nan

PREF_HIT_DEMAND_IPREF_count,             0
PREF_HIT_DEMAND_IPREF_pct,         -nan
PREF_HIT_DEMAND_IPREF_total_count,             0
PREF_HIT_DEMAND_IPREF_total_pct,         -nan

PREF_HIT_DEMAND_DPRF_count,             0
PREF_HIT_DEMAND_DPRF_pct,         -nan
PREF_HIT_DEMAND_DPRF_total_count,             0
PREF_HIT_DEMAND_DPRF_total_pct,         -nan

PREF_HIT_DEMAND_WB_count,             0
PREF_HIT_DEMAND_WB_pct,         -nan
PREF_HIT_DEMAND_WB_total_count,             0
PREF_HIT_DEMAND_WB_total_pct,         -nan
PREF_HIT_DEMAND_WB_sum_count,             0
PREF_HIT_DEMAND_WB_sum_pct,         -nan
PREF_HIT_DEMAND_WB_sum_total_count,             0
PREF_HIT_DEMAND_WB_sum_total_pct,         -nan
PREF_HIT_DEMAND_WB_mean,         -nan
PREF_HIT_DEMAND_WB_stddev,         -nan
PREF_HIT_DEMAND_WB_total_mean,         -nan
PREF_HIT_DEMAND_WB_total_stddev,         -nan

PREF_L1_FILL_count,             0
PREF_L1_FILL_pct,         -nan
PREF_L1_FILL_total_count,             0
PREF_L1_FILL_total_pct,         -nan

DEMAND_L1_FILL_count,             0
DEMAND_L1_FILL_pct,         -nan
DEMAND_L1_FILL_total_count,             0
DEMAND_L1_FILL_total_pct,         -nan
DEMAND_L1_FILL_sum_count,             0
DEMAND_L1_FILL_sum_pct,         -nan
DEMAND_L1_FILL_sum_total_count,             0
DEMAND_L1_FILL_sum_total_pct,         -nan
DEMAND_L1_FILL_mean,         -nan
DEMAND_L1_FILL_stddev,         -nan
DEMAND_L1_FILL_total_mean,         -nan
DEMAND_L1_FILL_total_stddev,         -nan

TOUCH_L1_REPLACE_count,             0
TOUCH_L1_REPLACE_pct,        0.000
TOUCH_L1_REPLACE_total_count,             0
TOUCH_L1_REPLACE_total_pct,        0.000

NO_TOUCH_L1_REPLACE_count,         15236
NO_TOUCH_L1_REPLACE_pct,      100.000
NO_TOUCH_L1_REPLACE_total_count,         16121
NO_TOUCH_L1_REPLACE_total_pct,      100.000
NO_TOUCH_L1_REPLACE_sum_count,         15236
NO_TOUCH_L1_REPLACE_sum_pct,      100.000
NO_TOUCH_L1_REPLACE_sum_total_count,         16121
NO_TOUCH_L1_REPLACE_sum_total_pct,      100.000
NO_TOUCH_L1_REPLACE_mean,         1.00
NO_TOUCH_L1_REPLACE_stddev,         1.00
NO_TOUCH_L1_REPLACE_total_mean,         1.00
NO_TOUCH_L1_REPLACE_total_stddev,         1.00

PREF_REQ_QUE_FULL_count,             0
PREF_REQ_QUE_FULL_total_count,             0

STREAM_REQ_QUEUE_HIT_BY_DEMAND_count,             0
STREAM_REQ_QUEUE_HIT_BY_DEMAND_total_count,             0

L2HIT_STREAM_PREF_REQ_QUE_FULL_count,             0
L2HIT_STREAM_PREF_REQ_QUE_FULL_total_count,             0

L2HIT_HIT_TRAIN_STREAM_count,             0
L2HIT_HIT_TRAIN_STREAM_pct,         -nan
L2HIT_HIT_TRAIN_STREAM_total_count,             0
L2HIT_HIT_TRAIN_STREAM_total_pct,         -nan

L2HIT_MISS_TRAIN_STREAM_count,             0
L2HIT_MISS_TRAIN_STREAM_pct,         -nan
L2HIT_MISS_TRAIN_STREAM_total_count,             0
L2HIT_MISS_TRAIN_STREAM_total_pct,         -nan
L2HIT_MISS_TRAIN_STREAM_sum_count,             0
L2HIT_MISS_TRAIN_STREAM_sum_pct,         -nan
L2HIT_MISS_TRAIN_STREAM_sum_total_count,             0
L2HIT_MISS_TRAIN_STREAM_sum_total_pct,         -nan
L2HIT_MISS_TRAIN_STREAM_mean,         -nan
L2HIT_MISS_TRAIN_STREAM_stddev,         -nan
L2HIT_MISS_TRAIN_STREAM_total_mean,         -nan
L2HIT_MISS_TRAIN_STREAM_total_stddev,         -nan

L2HIT_STREAM_TRAIN_CREATE_count,             0
L2HIT_STREAM_TRAIN_CREATE_total_count,             0

L2HIT_STREAM_BUFFER_REQ_count,             0
L2HIT_STREAM_BUFFER_REQ_total_count,             0

L2HIT_STREAM_PREF_DCACHE_HIT_count,             0
L2HIT_STREAM_PREF_DCACHE_HIT_pct,         -nan
L2HIT_STREAM_PREF_DCACHE_HIT_total_count,             0
L2HIT_STREAM_PREF_DCACHE_HIT_total_pct,         -nan

L2HIT_STREAM_PREF_DCACHE_INSERT_count,             0
L2HIT_STREAM_PREF_DCACHE_INSERT_pct,         -nan
L2HIT_STREAM_PREF_DCACHE_INSERT_total_count,             0
L2HIT_STREAM_PREF_DCACHE_INSERT_total_pct,         -nan

L2HIT_STREAM_L2_MISS_count,             0
L2HIT_STREAM_L2_MISS_pct,         -nan
L2HIT_STREAM_L2_MISS_total_count,             0
L2HIT_STREAM_L2_MISS_total_pct,         -nan
L2HIT_STREAM_L2_MISS_sum_count,             0
L2HIT_STREAM_L2_MISS_sum_pct,         -nan
L2HIT_STREAM_L2_MISS_sum_total_count,             0
L2HIT_STREAM_L2_MISS_sum_total_pct,         -nan
L2HIT_STREAM_L2_MISS_mean,         -nan
L2HIT_STREAM_L2_MISS_stddev,         -nan
L2HIT_STREAM_L2_MISS_total_mean,         -nan
L2HIT_STREAM_L2_MISS_total_stddev,         -nan

L2HIT_STREAM_DCACHE_PORT_FULL_count,             0
L2HIT_STREAM_DCACHE_PORT_FULL_total_count,             0

L2HIT_STREAM_PREF_L1_PORT_FULL_count,             0
L2HIT_STREAM_PREF_L1_PORT_FULL_total_count,             0

L2HIT_TRAIN_HIT_DEMAND_count,             0
L2HIT_TRAIN_HIT_DEMAND_pct,         -nan
L2HIT_TRAIN_HIT_DEMAND_total_count,             0
L2HIT_TRAIN_HIT_DEMAND_total_pct,         -nan

L2HIT_TRAIN_MISS_REQ_count,             0
L2HIT_TRAIN_MISS_REQ_pct,         -nan
L2HIT_TRAIN_MISS_REQ_total_count,             0
L2HIT_TRAIN_MISS_REQ_total_pct,         -nan
L2HIT_TRAIN_MISS_REQ_sum_count,             0
L2HIT_TRAIN_MISS_REQ_sum_pct,         -nan
L2HIT_TRAIN_MISS_REQ_sum_total_count,             0
L2HIT_TRAIN_MISS_REQ_sum_total_pct,         -nan
L2HIT_TRAIN_MISS_REQ_mean,         -nan
L2HIT_TRAIN_MISS_REQ_stddev,         -nan
L2HIT_TRAIN_MISS_REQ_total_mean,         -nan
L2HIT_TRAIN_MISS_REQ_total_stddev,         -nan

L2HIT_TRAIN_FILTER_MISS_count,             0
L2HIT_TRAIN_FILTER_MISS_pct,         -nan
L2HIT_TRAIN_FILTER_MISS_total_count,             0
L2HIT_TRAIN_FILTER_MISS_total_pct,         -nan

L2HIT_TRAIN_FILTER_HIT_count,             0
L2HIT_TRAIN_FILTER_HIT_pct,         -nan
L2HIT_TRAIN_FILTER_HIT_total_count,             0
L2HIT_TRAIN_FILTER_HIT_total_pct,         -nan
L2HIT_TRAIN_FILTER_HIT_sum_count,             0
L2HIT_TRAIN_FILTER_HIT_sum_pct,         -nan
L2HIT_TRAIN_FILTER_HIT_sum_total_count,             0
L2HIT_TRAIN_FILTER_HIT_sum_total_pct,         -nan
L2HIT_TRAIN_FILTER_HIT_mean,         -nan
L2HIT_TRAIN_FILTER_HIT_stddev,         -nan
L2HIT_TRAIN_FILTER_HIT_total_mean,         -nan
L2HIT_TRAIN_FILTER_HIT_total_stddev,         -nan

L2HIT_PREF_REQ_DCACHE_HIT_count,             0
L2HIT_PREF_REQ_DCACHE_HIT_pct,         -nan
L2HIT_PREF_REQ_DCACHE_HIT_total_count,             0
L2HIT_PREF_REQ_DCACHE_HIT_total_pct,         -nan

L2HIT_PREF_REQ_DCACHE_MISS_count,             0
L2HIT_PREF_REQ_DCACHE_MISS_pct,         -nan
L2HIT_PREF_REQ_DCACHE_MISS_total_count,             0
L2HIT_PREF_REQ_DCACHE_MISS_total_pct,         -nan
L2HIT_PREF_REQ_DCACHE_MISS_sum_count,             0
L2HIT_PREF_REQ_DCACHE_MISS_sum_pct,         -nan
L2HIT_PREF_REQ_DCACHE_MISS_sum_total_count,             0
L2HIT_PREF_REQ_DCACHE_MISS_sum_total_pct,         -nan
L2HIT_PREF_REQ_DCACHE_MISS_mean,         -nan
L2HIT_PREF_REQ_DCACHE_MISS_stddev,         -nan
L2HIT_PREF_REQ_DCACHE_MISS_total_mean,         -nan
L2HIT_PREF_REQ_DCACHE_MISS_total_stddev,         -nan

L2HIT_L2SEND_Q_FULL_count,             0
L2HIT_L2SEND_Q_FULL_pct,         -nan
L2HIT_L2SEND_Q_FULL_total_count,             0
L2HIT_L2SEND_Q_FULL_total_pct,         -nan

L2HIT_L2SEND_Q_ENTER_count,             0
L2HIT_L2SEND_Q_ENTER_pct,         -nan
L2HIT_L2SEND_Q_ENTER_total_count,             0
L2HIT_L2SEND_Q_ENTER_total_pct,         -nan
L2HIT_L2SEND_Q_ENTER_sum_count,             0
L2HIT_L2SEND_Q_ENTER_sum_pct,         -nan
L2HIT_L2SEND_Q_ENTER_sum_total_count,             0
L2HIT_L2SEND_Q_ENTER_sum_total_pct,         -nan
L2HIT_L2SEND_Q_ENTER_mean,         -nan
L2HIT_L2SEND_Q_ENTER_stddev,         -nan
L2HIT_L2SEND_Q_ENTER_total_mean,         -nan
L2HIT_L2SEND_Q_ENTER_total_stddev,         -nan

L2HIT_MEM_REQ_count,             0
L2HIT_MEM_REQ_total_count,             0

REMOVE_REDUNDANT_STREAM_STAT_count,             0
REMOVE_REDUNDANT_STREAM_STAT_total_count,             0

REPLACE_OLD_STREAM_count,         16942
REPLACE_OLD_STREAM_total_count,         38520

REQ_SEND_QUEUE_STALL_count,             0
REQ_SEND_QUEUE_STALL_total_count,             0

STREAM_ENTER_RA_count,             0
STREAM_ENTER_RA_total_count,             0

CORE_STREAM_LENGTH_0_count,            13
CORE_STREAM_LENGTH_0_pct,       13.684
CORE_STREAM_LENGTH_0_total_count,            44
CORE_STREAM_LENGTH_0_total_pct,       17.121

CORE_STREAM_LENGTH_10_count,            48
CORE_STREAM_LENGTH_10_pct,       50.526
CORE_STREAM_LENGTH_10_total_count,           137
CORE_STREAM_LENGTH_10_total_pct,       53.307

CORE_STREAM_LENGTH_20_count,            15
CORE_STREAM_LENGTH_20_pct,       15.789
CORE_STREAM_LENGTH_20_total_count,            45
CORE_STREAM_LENGTH_20_total_pct,       17.510

CORE_STREAM_LENGTH_30_count,             5
CORE_STREAM_LENGTH_30_pct,        5.263
CORE_STREAM_LENGTH_30_total_count,            11
CORE_STREAM_LENGTH_30_total_pct,        4.280

CORE_STREAM_LENGTH_40_count,             6
CORE_STREAM_LENGTH_40_pct,        6.316
CORE_STREAM_LENGTH_40_total_count,             7
CORE_STREAM_LENGTH_40_total_pct,        2.724

CORE_STREAM_LENGTH_50_count,             1
CORE_STREAM_LENGTH_50_pct,        1.053
CORE_STREAM_LENGTH_50_total_count,             2
CORE_STREAM_LENGTH_50_total_pct,        0.778

CORE_STREAM_LENGTH_60_count,             2
CORE_STREAM_LENGTH_60_pct,        2.105
CORE_STREAM_LENGTH_60_total_count,             3
CORE_STREAM_LENGTH_60_total_pct,        1.167

CORE_STREAM_LENGTH_70_count,             1
CORE_STREAM_LENGTH_70_pct,        1.053
CORE_STREAM_LENGTH_70_total_count,             1
CORE_STREAM_LENGTH_70_total_pct,        0.389

CORE_STREAM_LENGTH_80_count,             1
CORE_STREAM_LENGTH_80_pct,        1.053
CORE_STREAM_LENGTH_80_total_count,             1
CORE_STREAM_LENGTH_80_total_pct,        0.389

CORE_STREAM_LENGTH_90_count,             0
CORE_STREAM_LENGTH_90_pct,        0.000
CORE_STREAM_LENGTH_90_total_count,             0
CORE_STREAM_LENGTH_90_total_pct,        0.000

CORE_STREAM_LENGTH_100_P_count,             3
CORE_STREAM_LENGTH_100_P_pct,        3.158
CORE_STREAM_LENGTH_100_P_total_count,             6
CORE_STREAM_LENGTH_100_P_total_pct,        2.335
CORE_STREAM_LENGTH_100_P_sum_count,            95
CORE_STREAM_LENGTH_100_P_sum_pct,      100.000
CORE_STREAM_LENGTH_100_P_sum_total_count,           257
CORE_STREAM_LENGTH_100_P_sum_total_pct,      100.000
CORE_STREAM_LENGTH_100_P_mean,         1.88
CORE_STREAM_LENGTH_100_P_stddev,         2.03
CORE_STREAM_LENGTH_100_P_total_mean,         1.52
CORE_STREAM_LENGTH_100_P_total_stddev,         1.67

CORE_CUM_STREAM_LENGTH_0_count,           102
CORE_CUM_STREAM_LENGTH_0_pct,        4.421
CORE_CUM_STREAM_LENGTH_0_total_count,           325
CORE_CUM_STREAM_LENGTH_0_total_pct,        6.130

CORE_CUM_STREAM_LENGTH_10_count,           647
CORE_CUM_STREAM_LENGTH_10_pct,       28.045
CORE_CUM_STREAM_LENGTH_10_total_count,          1929
CORE_CUM_STREAM_LENGTH_10_total_pct,       36.382

CORE_CUM_STREAM_LENGTH_20_count,           349
CORE_CUM_STREAM_LENGTH_20_pct,       15.128
CORE_CUM_STREAM_LENGTH_20_total_count,          1032
CORE_CUM_STREAM_LENGTH_20_total_pct,       19.464

CORE_CUM_STREAM_LENGTH_30_count,           167
CORE_CUM_STREAM_LENGTH_30_pct,        7.239
CORE_CUM_STREAM_LENGTH_30_total_count,           377
CORE_CUM_STREAM_LENGTH_30_total_pct,        7.111

CORE_CUM_STREAM_LENGTH_40_count,           269
CORE_CUM_STREAM_LENGTH_40_pct,       11.660
CORE_CUM_STREAM_LENGTH_40_total_count,           311
CORE_CUM_STREAM_LENGTH_40_total_pct,        5.866

CORE_CUM_STREAM_LENGTH_50_count,            54
CORE_CUM_STREAM_LENGTH_50_pct,        2.341
CORE_CUM_STREAM_LENGTH_50_total_count,           106
CORE_CUM_STREAM_LENGTH_50_total_pct,        1.999

CORE_CUM_STREAM_LENGTH_60_count,           128
CORE_CUM_STREAM_LENGTH_60_pct,        5.548
CORE_CUM_STREAM_LENGTH_60_total_count,           197
CORE_CUM_STREAM_LENGTH_60_total_pct,        3.716

CORE_CUM_STREAM_LENGTH_70_count,            71
CORE_CUM_STREAM_LENGTH_70_pct,        3.078
CORE_CUM_STREAM_LENGTH_70_total_count,            71
CORE_CUM_STREAM_LENGTH_70_total_pct,        1.339

CORE_CUM_STREAM_LENGTH_80_count,            85
CORE_CUM_STREAM_LENGTH_80_pct,        3.684
CORE_CUM_STREAM_LENGTH_80_total_count,            85
CORE_CUM_STREAM_LENGTH_80_total_pct,        1.603

CORE_CUM_STREAM_LENGTH_90_count,             0
CORE_CUM_STREAM_LENGTH_90_pct,        0.000
CORE_CUM_STREAM_LENGTH_90_total_count,             0
CORE_CUM_STREAM_LENGTH_90_total_pct,        0.000

CORE_CUM_STREAM_LENGTH_100_P_count,           435
CORE_CUM_STREAM_LENGTH_100_P_pct,       18.856
CORE_CUM_STREAM_LENGTH_100_P_total_count,           869
CORE_CUM_STREAM_LENGTH_100_P_total_pct,       16.390
CORE_CUM_STREAM_LENGTH_100_P_sum_count,          2307
CORE_CUM_STREAM_LENGTH_100_P_sum_pct,      100.000
CORE_CUM_STREAM_LENGTH_100_P_sum_total_count,          5302
CORE_CUM_STREAM_LENGTH_100_P_sum_total_pct,      100.000
CORE_CUM_STREAM_LENGTH_100_P_mean,         4.11
CORE_CUM_STREAM_LENGTH_100_P_stddev,         3.77
CORE_CUM_STREAM_LENGTH_100_P_total_mean,         3.38
CORE_CUM_STREAM_LENGTH_100_P_total_stddev,         3.51

CORE_STREAM_TRAIN_HITS_0_count,            68
CORE_STREAM_TRAIN_HITS_0_pct,       71.579
CORE_STREAM_TRAIN_HITS_0_total_count,           196
CORE_STREAM_TRAIN_HITS_0_total_pct,       76.265

CORE_STREAM_TRAIN_HITS_10_count,            17
CORE_STREAM_TRAIN_HITS_10_pct,       17.895
CORE_STREAM_TRAIN_HITS_10_total_count,            42
CORE_STREAM_TRAIN_HITS_10_total_pct,       16.342

CORE_STREAM_TRAIN_HITS_20_count,             3
CORE_STREAM_TRAIN_HITS_20_pct,        3.158
CORE_STREAM_TRAIN_HITS_20_total_count,             7
CORE_STREAM_TRAIN_HITS_20_total_pct,        2.724

CORE_STREAM_TRAIN_HITS_30_count,             3
CORE_STREAM_TRAIN_HITS_30_pct,        3.158
CORE_STREAM_TRAIN_HITS_30_total_count,             4
CORE_STREAM_TRAIN_HITS_30_total_pct,        1.556

CORE_STREAM_TRAIN_HITS_40_count,             1
CORE_STREAM_TRAIN_HITS_40_pct,        1.053
CORE_STREAM_TRAIN_HITS_40_total_count,             1
CORE_STREAM_TRAIN_HITS_40_total_pct,        0.389

CORE_STREAM_TRAIN_HITS_50_count,             0
CORE_STREAM_TRAIN_HITS_50_pct,        0.000
CORE_STREAM_TRAIN_HITS_50_total_count,             1
CORE_STREAM_TRAIN_HITS_50_total_pct,        0.389

CORE_STREAM_TRAIN_HITS_60_count,             0
CORE_STREAM_TRAIN_HITS_60_pct,        0.000
CORE_STREAM_TRAIN_HITS_60_total_count,             0
CORE_STREAM_TRAIN_HITS_60_total_pct,        0.000

CORE_STREAM_TRAIN_HITS_70_count,             0
CORE_STREAM_TRAIN_HITS_70_pct,        0.000
CORE_STREAM_TRAIN_HITS_70_total_count,             0
CORE_STREAM_TRAIN_HITS_70_total_pct,        0.000

CORE_STREAM_TRAIN_HITS_80_count,             0
CORE_STREAM_TRAIN_HITS_80_pct,        0.000
CORE_STREAM_TRAIN_HITS_80_total_count,             0
CORE_STREAM_TRAIN_HITS_80_total_pct,        0.000

CORE_STREAM_TRAIN_HITS_90_count,             0
CORE_STREAM_TRAIN_HITS_90_pct,        0.000
CORE_STREAM_TRAIN_HITS_90_total_count,             0
CORE_STREAM_TRAIN_HITS_90_total_pct,        0.000

CORE_STREAM_TRAIN_HITS_100_P_count,             3
CORE_STREAM_TRAIN_HITS_100_P_pct,        3.158
CORE_STREAM_TRAIN_HITS_100_P_total_count,             6
CORE_STREAM_TRAIN_HITS_100_P_total_pct,        2.335
CORE_STREAM_TRAIN_HITS_100_P_sum_count,            95
CORE_STREAM_TRAIN_HITS_100_P_sum_pct,      100.000
CORE_STREAM_TRAIN_HITS_100_P_sum_total_count,           257
CORE_STREAM_TRAIN_HITS_100_P_sum_total_pct,      100.000
CORE_STREAM_TRAIN_HITS_100_P_mean,         0.69
CORE_STREAM_TRAIN_HITS_100_P_stddev,         1.77
CORE_STREAM_TRAIN_HITS_100_P_total_mean,         0.53
CORE_STREAM_TRAIN_HITS_100_P_total_stddev,         1.56

CORE_CUM_STREAM_TRAIN_HITS_0_count,           408
CORE_CUM_STREAM_TRAIN_HITS_0_pct,       32.930
CORE_CUM_STREAM_TRAIN_HITS_0_total_count,          1188
CORE_CUM_STREAM_TRAIN_HITS_0_total_pct,       41.093

CORE_CUM_STREAM_TRAIN_HITS_10_count,           225
CORE_CUM_STREAM_TRAIN_HITS_10_pct,       18.160
CORE_CUM_STREAM_TRAIN_HITS_10_total_count,           537
CORE_CUM_STREAM_TRAIN_HITS_10_total_pct,       18.575

CORE_CUM_STREAM_TRAIN_HITS_20_count,            72
CORE_CUM_STREAM_TRAIN_HITS_20_pct,        5.811
CORE_CUM_STREAM_TRAIN_HITS_20_total_count,           157
CORE_CUM_STREAM_TRAIN_HITS_20_total_pct,        5.431

CORE_CUM_STREAM_TRAIN_HITS_30_count,           106
CORE_CUM_STREAM_TRAIN_HITS_30_pct,        8.555
CORE_CUM_STREAM_TRAIN_HITS_30_total_count,           142
CORE_CUM_STREAM_TRAIN_HITS_30_total_pct,        4.912

CORE_CUM_STREAM_TRAIN_HITS_40_count,            41
CORE_CUM_STREAM_TRAIN_HITS_40_pct,        3.309
CORE_CUM_STREAM_TRAIN_HITS_40_total_count,            41
CORE_CUM_STREAM_TRAIN_HITS_40_total_pct,        1.418

CORE_CUM_STREAM_TRAIN_HITS_50_count,             0
CORE_CUM_STREAM_TRAIN_HITS_50_pct,        0.000
CORE_CUM_STREAM_TRAIN_HITS_50_total_count,            53
CORE_CUM_STREAM_TRAIN_HITS_50_total_pct,        1.833

CORE_CUM_STREAM_TRAIN_HITS_60_count,             0
CORE_CUM_STREAM_TRAIN_HITS_60_pct,        0.000
CORE_CUM_STREAM_TRAIN_HITS_60_total_count,             0
CORE_CUM_STREAM_TRAIN_HITS_60_total_pct,        0.000

CORE_CUM_STREAM_TRAIN_HITS_70_count,             0
CORE_CUM_STREAM_TRAIN_HITS_70_pct,        0.000
CORE_CUM_STREAM_TRAIN_HITS_70_total_count,             0
CORE_CUM_STREAM_TRAIN_HITS_70_total_pct,        0.000

CORE_CUM_STREAM_TRAIN_HITS_80_count,             0
CORE_CUM_STREAM_TRAIN_HITS_80_pct,        0.000
CORE_CUM_STREAM_TRAIN_HITS_80_total_count,             0
CORE_CUM_STREAM_TRAIN_HITS_80_total_pct,        0.000

CORE_CUM_STREAM_TRAIN_HITS_90_count,             0
CORE_CUM_STREAM_TRAIN_HITS_90_pct,        0.000
CORE_CUM_STREAM_TRAIN_HITS_90_total_count,             0
CORE_CUM_STREAM_TRAIN_HITS_90_total_pct,        0.000

CORE_CUM_STREAM_TRAIN_HITS_100_P_count,           387
CORE_CUM_STREAM_TRAIN_HITS_100_P_pct,       31.235
CORE_CUM_STREAM_TRAIN_HITS_100_P_total_count,           773
CORE_CUM_STREAM_TRAIN_HITS_100_P_total_pct,       26.738
CORE_CUM_STREAM_TRAIN_HITS_100_P_sum_count,          1239
CORE_CUM_STREAM_TRAIN_HITS_100_P_sum_pct,      100.000
CORE_CUM_STREAM_TRAIN_HITS_100_P_sum_total_count,          2891
CORE_CUM_STREAM_TRAIN_HITS_100_P_sum_total_pct,      100.000
CORE_CUM_STREAM_TRAIN_HITS_100_P_mean,         3.81
CORE_CUM_STREAM_TRAIN_HITS_100_P_stddev,         4.27
CORE_CUM_STREAM_TRAIN_HITS_100_P_total_mean,         3.26
CORE_CUM_STREAM_TRAIN_HITS_100_P_total_stddev,         4.01

CORE_STREAM_TRAIN_CREATE_count,         16942
CORE_STREAM_TRAIN_CREATE_total_count,         38536



